filename,start,end,finalname
vid_1,5,7,vid_1
vid_1,18,21,vid_2
vid_1,26,28,vid_3
vid_1,55,58,vid_4
vid_1,139,144,vid_5
vid_2,8,10,vid_6
vid_2,108,110,vid_7
vid_2,114,119,vid_8
vid_3,0,74,vid_9
vid_4,0,28,vid_10
vid_5,70,125,vid_11
vid_6,7,8,vid_12
vid_6,148,150,vid_13
vid_6,156,157,vid_14
vid_6,170,172,vid_15
vid_7,22,37,vid_16
vid_7,101,122,vid_17
vid_7,155,278,vid_18
vid_7,282,286,vid_19
vid_8,0,119,vid_20
vid_9,23,76,vid_21
vid_10,113,118,vid_22
vid_11,0,41,vid_23
vid_11,281,530,vid_24
vid_12,88,91,vid_25
vid_12,96,102,vid_26
vid_13,0,32,vid_27
vid_14,8,15,vid_28
vid_15,0,121,vid_29
vid_16,15,70,vid_30
vid_17,0,63,vid_31
vid_18,101,106,vid_32
vid_18,107,114,vid_33
vid_18,240,246,vid_34
vid_19,107,112,vid_35
vid_19,121,129,vid_36
vid_19,134,136,vid_37
vid_19,143,148,vid_38
vid_20,0,46,vid_39
vid_20,64,73,vid_40
vid_21,414,425,vid_41
vid_21,445,454,vid_42
vid_22,0,11,vid_43
vid_22,73,144,vid_44
vid_22,183,191,vid_45
vid_23,68,70,vid_46
vid_23,362,363,vid_47
vid_23,367,371,vid_48
vid_23,548,552,vid_49
vid_24,0,11,vid_50
vid_25,4,9,vid_51
vid_26,102,118,vid_52
vid_27,254,258,vid_53
vid_28,7,17,vid_54
vid_29,63,64,vid_55
vid_30,0,15,vid_56
vid_31,0,10,vid_57
vid_32,48,80,vid_58
vid_32,128,181,vid_59
vid_33,0,30,vid_60
vid_34,0,7,vid_61
vid_34,11,17,vid_62
vid_35,30,31,vid_63
vid_35,32,34,vid_64
vid_35,39,41,vid_65
vid_35,61,62,vid_66
vid_35,187,189,vid_67
vid_36,58,129,vid_68
vid_36,133,140,vid_69
vid_36,173,188,vid_70
vid_37,6,87,vid_71
vid_25,10,207,vid_72
vid_25,208,345,vid_73
vid_25,208,345,vid_74
vid_3,6,74,vid_75
vid_4,6,28,vid_76
vid_5,76,125,vid_77
vid_7,28,37,vid_78
vid_7,107,122,vid_79
vid_7,161,278,vid_80
vid_8,11,119,vid_81
vid_9,29,76,vid_82
vid_11,11,41,vid_83
vid_11,292,530,vid_84
vid_13,11,32,vid_85
vid_15,11,121,vid_86
vid_16,26,70,vid_87
vid_17,11,63,vid_88
vid_20,11,46,vid_89
vid_22,84,144,vid_90
vid_24,11,106,vid_91
vid_28,18,59,vid_92
vid_25,208,345,vid_93
vid_3,6,74,vid_94
vid_4,6,28,vid_95
vid_5,76,125,vid_96
vid_7,28,37,vid_97
vid_7,107,122,vid_98
vid_7,161,278,vid_99
vid_8,11,119,vid_100
vid_9,29,76,vid_101
vid_11,11,41,vid_102
vid_11,292,530,vid_103
vid_13,11,32,vid_104
vid_15,11,121,vid_105
vid_16,26,70,vid_106
vid_17,11,63,vid_107
vid_20,11,46,vid_108
vid_22,84,144,vid_109
vid_24,11,106,vid_110
vid_28,18,59,vid_111
vid_30,0,15,vid_112
vid_31,0,10,vid_113
vid_32,48,80,vid_114
vid_32,128,181,vid_115
vid_33,0,30,vid_116
vid_30,0,15,vid_117
vid_31,0,10,vid_118
vid_32,48,80,vid_119
vid_32,128,181,vid_120
vid_33,0,30,vid_121
vid_17,11,63,vid_122
vid_20,11,46,vid_123
vid_22,84,144,vid_124
vid_24,11,106,vid_125
vid_28,18,59,vid_126
vid_7,107,122,vid_127
vid_7,161,278,vid_128
vid_8,11,119,vid_129
vid_9,29,76,vid_130
,,,
